{"paths": {"admin/js/vendor/select2/i18n/ka.js": "admin/js/vendor/select2/i18n/ka.8ea0684cc301.js", "admin/js/vendor/select2/i18n/dsb.js": "admin/js/vendor/select2/i18n/dsb.9c2742bfc55a.js", "admin/js/vendor/select2/i18n/es.js": "admin/js/vendor/select2/i18n/es.8b21ebdb01ee.js", "admin/js/vendor/select2/i18n/de.js": "admin/js/vendor/select2/i18n/de.630e81c65a7b.js", "admin/js/vendor/select2/i18n/pl.js": "admin/js/vendor/select2/i18n/pl.a10ee9248c07.js", "admin/js/vendor/select2/i18n/sl.js": "admin/js/vendor/select2/i18n/sl.a5e262c643f2.js", "admin/js/vendor/select2/i18n/sr.js": "admin/js/vendor/select2/i18n/sr.c9f16b9e0f93.js", "admin/js/vendor/select2/i18n/et.js": "admin/js/vendor/select2/i18n/et.32b0b17ba1a9.js", "admin/js/vendor/select2/i18n/hsb.js": "admin/js/vendor/select2/i18n/hsb.50caaee90a0d.js", "admin/js/vendor/select2/i18n/fa.js": "admin/js/vendor/select2/i18n/fa.1738b003dd26.js", "admin/js/vendor/select2/i18n/he.js": "admin/js/vendor/select2/i18n/he.4d933538516a.js", "admin/js/vendor/select2/i18n/sv.js": "admin/js/vendor/select2/i18n/sv.725800c5e8fc.js", "admin/js/vendor/select2/i18n/fi.js": "admin/js/vendor/select2/i18n/fi.2858f3167855.js", "admin/js/vendor/select2/i18n/cs.js": "admin/js/vendor/select2/i18n/cs.edd7167cdcb6.js", "admin/js/vendor/select2/i18n/zh-CN.js": "admin/js/vendor/select2/i18n/zh-CN.bde34fa3f064.js", "admin/js/vendor/select2/i18n/bn.js": "admin/js/vendor/select2/i18n/bn.b33721dc9b8a.js", "admin/js/vendor/select2/i18n/hi.js": "admin/js/vendor/select2/i18n/hi.f81e979ec25f.js", "admin/js/vendor/select2/i18n/it.js": "admin/js/vendor/select2/i18n/it.110a0fa84968.js", "admin/js/vendor/select2/i18n/ja.js": "admin/js/vendor/select2/i18n/ja.442146837f55.js", "admin/js/vendor/select2/i18n/is.js": "admin/js/vendor/select2/i18n/is.a8a13c9122d7.js", "admin/js/vendor/select2/i18n/sq.js": "admin/js/vendor/select2/i18n/sq.abf2d34b255a.js", "admin/js/vendor/select2/i18n/vi.js": "admin/js/vendor/select2/i18n/vi.0a60056920fc.js", "admin/js/vendor/select2/i18n/ca.js": "admin/js/vendor/select2/i18n/ca.60f20182ff18.js", "admin/js/vendor/select2/i18n/zh-TW.js": "admin/js/vendor/select2/i18n/zh-TW.e727260f7094.js", "admin/js/vendor/select2/i18n/nl.js": "admin/js/vendor/select2/i18n/nl.674c0d3da68d.js", "admin/js/vendor/select2/i18n/hu.js": "admin/js/vendor/select2/i18n/hu.9edad4c24fd0.js", "admin/js/vendor/select2/i18n/pt-BR.js": "admin/js/vendor/select2/i18n/pt-BR.455adefc2984.js", "admin/js/vendor/select2/i18n/sk.js": "admin/js/vendor/select2/i18n/sk.34019208b835.js", "admin/js/vendor/select2/i18n/az.js": "admin/js/vendor/select2/i18n/az.1804c238d269.js", "admin/js/vendor/select2/i18n/hy.js": "admin/js/vendor/select2/i18n/hy.4c655f53f4e1.js", "admin/js/vendor/select2/i18n/eu.js": "admin/js/vendor/select2/i18n/eu.6c45eaf416fe.js", "admin/js/vendor/select2/i18n/gl.js": "admin/js/vendor/select2/i18n/gl.e2766036e78a.js", "admin/js/vendor/select2/i18n/nb.js": "admin/js/vendor/select2/i18n/nb.e535138ca26b.js", "admin/js/vendor/select2/i18n/el.js": "admin/js/vendor/select2/i18n/el.01c46bf8c8b3.js", "admin/js/vendor/select2/i18n/ko.js": "admin/js/vendor/select2/i18n/ko.82358a9b6840.js", "admin/js/vendor/select2/i18n/lv.js": "admin/js/vendor/select2/i18n/lv.30bfb7fc3b63.js", "admin/js/vendor/select2/i18n/en.js": "admin/js/vendor/select2/i18n/en.aed9bad15375.js", "admin/js/vendor/select2/i18n/pt.js": "admin/js/vendor/select2/i18n/pt.5b4ec8cb5b23.js", "admin/js/vendor/select2/i18n/ps.js": "admin/js/vendor/select2/i18n/ps.de1a40c46c09.js", "admin/js/vendor/select2/i18n/bs.js": "admin/js/vendor/select2/i18n/bs.debce43cfca2.js", "admin/js/vendor/select2/i18n/fr.js": "admin/js/vendor/select2/i18n/fr.6129248732b9.js", "admin/js/vendor/select2/i18n/mk.js": "admin/js/vendor/select2/i18n/mk.92f1d29581b7.js", "admin/js/vendor/select2/i18n/km.js": "admin/js/vendor/select2/i18n/km.8c337905305d.js", "admin/js/vendor/select2/i18n/ms.js": "admin/js/vendor/select2/i18n/ms.ade6aba46542.js", "admin/js/vendor/select2/i18n/lt.js": "admin/js/vendor/select2/i18n/lt.2c390a6bf650.js", "admin/js/vendor/select2/i18n/bg.js": "admin/js/vendor/select2/i18n/bg.096f4410173b.js", "admin/js/vendor/select2/i18n/ne.js": "admin/js/vendor/select2/i18n/ne.f61bf00bc3fe.js", "admin/js/vendor/select2/i18n/tk.js": "admin/js/vendor/select2/i18n/tk.5042dc8eca8e.js", "admin/js/vendor/select2/i18n/af.js": "admin/js/vendor/select2/i18n/af.c4a5cbd6a23f.js", "admin/js/vendor/select2/i18n/id.js": "admin/js/vendor/select2/i18n/id.322604a430a5.js", "admin/js/vendor/select2/i18n/da.js": "admin/js/vendor/select2/i18n/da.6bbc262044b3.js", "admin/js/vendor/select2/i18n/ar.js": "admin/js/vendor/select2/i18n/ar.7dcfd5775174.js", "admin/js/vendor/select2/i18n/hr.js": "admin/js/vendor/select2/i18n/hr.68583e607f1e.js", "admin/js/vendor/select2/i18n/th.js": "admin/js/vendor/select2/i18n/th.b013804dae9c.js", "admin/js/vendor/select2/i18n/sr-Cyrl.js": "admin/js/vendor/select2/i18n/sr-Cyrl.116365a2de65.js", "admin/js/vendor/select2/i18n/ro.js": "admin/js/vendor/select2/i18n/ro.ea7e3b822b06.js", "admin/js/vendor/select2/i18n/ru.js": "admin/js/vendor/select2/i18n/ru.962f048c22f2.js", "admin/js/vendor/select2/i18n/tr.js": "admin/js/vendor/select2/i18n/tr.dc697d893beb.js", "admin/js/vendor/select2/i18n/uk.js": "admin/js/vendor/select2/i18n/uk.e05ad5df6258.js", "vendor/scss/navigation/sidenav/_sidenav-light.scss": "vendor/scss/navigation/sidenav/_sidenav-light.b3b218d561bf.scss", "vendor/scss/navigation/sidenav/_sidenav.scss": "vendor/scss/navigation/sidenav/_sidenav.458e62dbf405.scss", "vendor/scss/navigation/sidenav/_sidenav-dark.scss": "vendor/scss/navigation/sidenav/_sidenav-dark.0ad51bb52477.scss", "admin/css/vendor/select2/select2.min.css": "admin/css/vendor/select2/select2.min.af22a7e2bfec.css", "admin/css/vendor/select2/LICENSE-SELECT2.md": "admin/css/vendor/select2/LICENSE-SELECT2.f94142512c91.md", "admin/css/vendor/select2/select2.css": "admin/css/vendor/select2/select2.fd9fe49d3d91.css", "admin/js/vendor/xregexp/LICENSE.txt": "admin/js/vendor/xregexp/LICENSE.d64cecf4f157.txt", "admin/js/vendor/xregexp/xregexp.min.js": "admin/js/vendor/xregexp/xregexp.min.c95393b8ca4d.js", "admin/js/vendor/xregexp/xregexp.js": "admin/js/vendor/xregexp/xregexp.1865b1cf5085.js", "admin/js/vendor/select2/select2.full.js": "admin/js/vendor/select2/select2.full.d379d5235584.js", "admin/js/vendor/select2/LICENSE.md": "admin/js/vendor/select2/LICENSE.f94142512c91.md", "admin/js/vendor/select2/select2.full.min.js": "admin/js/vendor/select2/select2.full.min.68e8d8f673b7.js", "admin/js/vendor/jquery/LICENSE.txt": "admin/js/vendor/jquery/LICENSE.75308107741f.txt", "admin/js/vendor/jquery/jquery.min.js": "admin/js/vendor/jquery/jquery.min.dc5e7f18c8d3.js", "admin/js/vendor/jquery/jquery.js": "admin/js/vendor/jquery/jquery.23c7c5d2d131.js", "vendor/scss/variables/_spacing.scss": "vendor/scss/variables/_spacing.8cff9d178cb6.scss", "vendor/scss/variables/_navigation.scss": "vendor/scss/variables/_navigation.46c6ee903a88.scss", "vendor/scss/layout/_authentication.scss": "vendor/scss/layout/_authentication.3790f6a4779a.scss", "vendor/scss/layout/_dashboard-fixed.scss": "vendor/scss/layout/_dashboard-fixed.0d82d7d01ea4.scss", "vendor/scss/layout/_dashboard-default.scss": "vendor/scss/layout/_dashboard-default.0a7842ba03a8.scss", "vendor/scss/layout/_error.scss": "vendor/scss/layout/_error.09e78d79468f.scss", "vendor/scss/navigation/_nav.scss": "vendor/scss/navigation/_nav.4a71d3f36d9e.scss", "vendor/scss/navigation/_topnav.scss": "vendor/scss/navigation/_topnav.7b0ca840877f.scss", "vendor/assets/img/error-404-monochrome.svg": "vendor/assets/img/error-404-monochrome.65143a02b7c3.svg", "admin/img/gis/move_vertex_on.svg": "admin/img/gis/move_vertex_on.0047eba25b67.svg", "admin/img/gis/move_vertex_off.svg": "admin/img/gis/move_vertex_off.7a23bf31ef8a.svg", "admin/js/admin/RelatedObjectLookups.js": "admin/js/admin/RelatedObjectLookups.ea0683bea064.js", "admin/js/admin/DateTimeShortcuts.js": "admin/js/admin/DateTimeShortcuts.a9c6d180860b.js", "vendor/scss/_variables.scss": "vendor/scss/_variables.ac0eb1545ae5.scss", "vendor/scss/_global.scss": "vendor/scss/_global.e070ecec7fec.scss", "vendor/scss/styles.scss": "vendor/scss/styles.aee0ee404817.scss", "vendor/css/styles.css": "vendor/css/styles.9548a0cd29ba.css", "vendor/js/scripts.js": "vendor/js/scripts.e3ef7b80cf84.js", "font-awesome/scss/_variables.scss": "font-awesome/scss/_variables.dc5261f37a8a.scss", "font-awesome/scss/_bordered-pulled.scss": "font-awesome/scss/_bordered-pulled.4cad0df17bf4.scss", "font-awesome/scss/_stacked.scss": "font-awesome/scss/_stacked.5594237226ae.scss", "font-awesome/scss/_list.scss": "font-awesome/scss/_list.7107e80b0539.scss", "font-awesome/scss/_larger.scss": "font-awesome/scss/_larger.e95931566f6f.scss", "font-awesome/scss/_screen-reader.scss": "font-awesome/scss/_screen-reader.8907bd7dbf47.scss", "font-awesome/scss/font-awesome.scss": "font-awesome/scss/font-awesome.8c015559216d.scss", "font-awesome/scss/_rotated-flipped.scss": "font-awesome/scss/_rotated-flipped.9f5d4bc6fade.scss", "font-awesome/scss/_fixed-width.scss": "font-awesome/scss/_fixed-width.9277ab6964a4.scss", "font-awesome/scss/_path.scss": "font-awesome/scss/_path.ab5a9e838856.scss", "font-awesome/scss/_mixins.scss": "font-awesome/scss/_mixins.aa2b8f32b403.scss", "font-awesome/scss/_animated.scss": "font-awesome/scss/_animated.39ff4f359a7b.scss", "font-awesome/scss/_core.scss": "font-awesome/scss/_core.ef059a98cf9d.scss", "font-awesome/scss/_icons.scss": "font-awesome/scss/_icons.de9fa842ad0b.scss", "font-awesome/css/font-awesome.css.map": "font-awesome/css/font-awesome.css.8d57a9642cf6.map", "font-awesome/css/font-awesome.min.css": "font-awesome/css/font-awesome.min.bf0c425cdb73.css", "font-awesome/css/font-awesome.css": "font-awesome/css/font-awesome.7d46203b9170.css", "font-awesome/fonts/fontawesome-webfont.woff2": "font-awesome/fonts/fontawesome-webfont.af7ae505a9ee.woff2", "font-awesome/fonts/fontawesome-webfont.ttf": "font-awesome/fonts/fontawesome-webfont.b06871f281fe.ttf", "font-awesome/fonts/FontAwesome.otf": "font-awesome/fonts/FontAwesome.0d2717cd5d85.otf", "font-awesome/fonts/fontawesome-webfont.eot": "font-awesome/fonts/fontawesome-webfont.674f50d287a8.eot", "font-awesome/fonts/fontawesome-webfont.svg": "font-awesome/fonts/fontawesome-webfont.912ec66d7572.svg", "font-awesome/fonts/fontawesome-webfont.woff": "font-awesome/fonts/fontawesome-webfont.fee66e712a8a.woff", "font-awesome/less/mixins.less": "font-awesome/less/mixins.fbb1f2f1ab96.less", "font-awesome/less/list.less": "font-awesome/less/list.975571323cf8.less", "font-awesome/less/screen-reader.less": "font-awesome/less/screen-reader.0f8816172645.less", "font-awesome/less/stacked.less": "font-awesome/less/stacked.518e2b2d2639.less", "font-awesome/less/fixed-width.less": "font-awesome/less/fixed-width.5e07ec001f8d.less", "font-awesome/less/icons.less": "font-awesome/less/icons.bf95b901c36b.less", "font-awesome/less/larger.less": "font-awesome/less/larger.8cb65280c0f8.less", "font-awesome/less/variables.less": "font-awesome/less/variables.be3f6eed38aa.less", "font-awesome/less/animated.less": "font-awesome/less/animated.08baef05e053.less", "font-awesome/less/bordered-pulled.less": "font-awesome/less/bordered-pulled.898f90e40876.less", "font-awesome/less/rotated-flipped.less": "font-awesome/less/rotated-flipped.a8476cdc50c2.less", "font-awesome/less/font-awesome.less": "font-awesome/less/font-awesome.15cb7faa0243.less", "font-awesome/less/path.less": "font-awesome/less/path.a8c41460c42a.less", "font-awesome/less/core.less": "font-awesome/less/core.fb4efe4ae637.less", "admin/css/autocomplete.css": "admin/css/autocomplete.781713f30664.css", "admin/css/forms.css": "admin/css/forms.9f1ffc442e9a.css", "admin/css/login.css": "admin/css/login.252ffabd6548.css", "admin/css/responsive.css": "admin/css/responsive.755ce0b07393.css", "admin/css/dashboard.css": "admin/css/dashboard.7ac78187c567.css", "admin/css/fonts.css": "admin/css/fonts.168bab448fee.css", "admin/css/widgets.css": "admin/css/widgets.8874c301e7bc.css", "admin/css/base.css": "admin/css/base.ae33e6383baa.css", "admin/css/changelists.css": "admin/css/changelists.cfe316f81936.css", "admin/css/rtl.css": "admin/css/rtl.30f903442dc5.css", "admin/css/responsive_rtl.css": "admin/css/responsive_rtl.51c7445ceeff.css", "admin/fonts/README.txt": "admin/fonts/README.ab99e6b541ea.txt", "admin/fonts/Roboto-Regular-webfont.woff": "admin/fonts/Roboto-Regular-webfont.35b07eb2f871.woff", "admin/fonts/Roboto-Light-webfont.woff": "admin/fonts/Roboto-Light-webfont.c73eb1ceba33.woff", "admin/fonts/LICENSE.txt": "admin/fonts/LICENSE.d273d63619c9.txt", "admin/fonts/Roboto-Bold-webfont.woff": "admin/fonts/Roboto-Bold-webfont.50d75e48e0a3.woff", "admin/img/icon-deletelink.svg": "admin/img/icon-deletelink.564ef9dc3854.svg", "admin/img/README.txt": "admin/img/README.a70711a38d87.txt", "admin/img/icon-calendar.svg": "admin/img/icon-calendar.ac7aea671bea.svg", "admin/img/icon-unknown-alt.svg": "admin/img/icon-unknown-alt.81536e128bb6.svg", "admin/img/icon-changelink.svg": "admin/img/icon-changelink.18d2fd706348.svg", "admin/img/inline-delete.svg": "admin/img/inline-delete.fec1b761f254.svg", "admin/img/LICENSE": "admin/img/LICENSE.2c54f4e1ca1c", "admin/img/icon-yes.svg": "admin/img/icon-yes.d2f9f035226a.svg", "admin/img/icon-alert.svg": "admin/img/icon-alert.034cc7d8a67f.svg", "admin/img/sorting-icons.svg": "admin/img/sorting-icons.3a097b59f104.svg", "admin/img/tooltag-add.svg": "admin/img/tooltag-add.e59d620a9742.svg", "admin/img/search.svg": "admin/img/search.7cf54ff789c6.svg", "admin/img/icon-viewlink.svg": "admin/img/icon-viewlink.41eb31f7826e.svg", "admin/img/icon-unknown.svg": "admin/img/icon-unknown.a18cb4398978.svg", "admin/img/calendar-icons.svg": "admin/img/calendar-icons.39b290681a8b.svg", "admin/img/icon-no.svg": "admin/img/icon-no.439e821418cd.svg", "admin/img/selector-icons.svg": "admin/img/selector-icons.b4555096cea2.svg", "admin/img/icon-addlink.svg": "admin/img/icon-addlink.d519b3bab011.svg", "admin/img/tooltag-arrowright.svg": "admin/img/tooltag-arrowright.bbfb788a849e.svg", "admin/img/icon-clock.svg": "admin/img/icon-clock.e1d4dfac3f2b.svg", "admin/js/inlines.min.js": "admin/js/inlines.min.6d6c2416646e.js", "admin/js/jquery.init.js": "admin/js/jquery.init.95b62fa19378.js", "admin/js/urlify.js": "admin/js/urlify.67bae52223e0.js", "admin/js/actions.js": "admin/js/actions.8d83e3af0fbd.js", "admin/js/inlines.js": "admin/js/inlines.12d1af430335.js", "admin/js/prepopulate_init.js": "admin/js/prepopulate_init.0d3b53c37074.js", "admin/js/SelectFilter2.js": "admin/js/SelectFilter2.c26733924aea.js", "admin/js/change_form.js": "admin/js/change_form.9e85003a1a38.js", "admin/js/prepopulate.min.js": "admin/js/prepopulate.min.85fd5e0fb706.js", "admin/js/autocomplete.js": "admin/js/autocomplete.cfd2c4dc8981.js", "admin/js/collapse.js": "admin/js/collapse.c5b851e91226.js", "admin/js/collapse.min.js": "admin/js/collapse.min.44dfdb427845.js", "admin/js/actions.min.js": "admin/js/actions.min.5fa8cb0403f1.js", "admin/js/popup_response.js": "admin/js/popup_response.6ce3197f8fc8.js", "admin/js/SelectBox.js": "admin/js/SelectBox.99d0cfd2e80c.js", "admin/js/calendar.js": "admin/js/calendar.aae57adab5f6.js", "admin/js/core.js": "admin/js/core.ea39b3bd34c3.js", "admin/js/cancel.js": "admin/js/cancel.a2c3149a1c5e.js", "admin/js/prepopulate.js": "admin/js/prepopulate.2f90da7170ec.js", "css/bootstrap-grid.min.css.map": "css/bootstrap-grid.min.css.57e1ce0c5850.map", "css/bootstrap-grid.css.map": "css/bootstrap-grid.css.468fca75a599.map", "css/bootstrap-reboot.css.map": "css/bootstrap-reboot.css.602658511f99.map", "css/bootstrap-reboot.min.css.map": "css/bootstrap-reboot.min.css.88a457cfbc95.map", "css/bootstrap-reboot.min.css": "css/bootstrap-reboot.min.77b9d6d408b3.css", "css/bootstrap.min.css": "css/bootstrap.min.7cc40c199d12.css", "css/bootstrap.css.map": "css/bootstrap.css.4563f76d1380.map", "css/bootstrap-grid.css": "css/bootstrap-grid.af8019512bc7.css", "css/bootstrap-reboot.css": "css/bootstrap-reboot.f1b21c4bd42b.css", "css/bootstrap.min.css.map": "css/bootstrap.min.css.2e863a645ac3.map", "css/bootstrap.css": "css/bootstrap.df40d6e4c661.css", "css/bootstrap-grid.min.css": "css/bootstrap-grid.min.e6b31228554d.css", "js/bootstrap.js": "js/bootstrap.702049b302be.js", "js/bootstrap.min.js": "js/bootstrap.min.61f338f870fc.js", "js/bootstrap.bundle.min.js": "js/bootstrap.bundle.min.a5334e475209.js", "js/bootstrap.js.map": "js/bootstrap.js.a73716a97566.map", "js/bootstrap.bundle.js.map": "js/bootstrap.bundle.js.f71cf6369adc.map", "js/bootstrap.bundle.min.js.map": "js/bootstrap.bundle.min.js.4e47e3045b5c.map", "js/bootstrap.min.js.map": "js/bootstrap.min.js.e7faa89b97be.map", "js/jquery-3.1.1.min.js": "js/jquery-3.1.1.min.e071abda8fe6.js", "js/bootstrap.bundle.js": "js/bootstrap.bundle.1a94abb2d527.js", "import_export/import.css": "import_export/import.358144dd8713.css", "import_export/action_formats.js": "import_export/action_formats.11c3e817b80a.js", "js/jquery.bootstrap.modal.forms.js": "js/jquery.bootstrap.modal.forms.315007e41de4.js", "js/jquery.bootstrap.modal.forms.min.js": "js/jquery.bootstrap.modal.forms.min.c02d8575d4b7.js", "customers/customers.js": "customers/customers.d41d8cd98f00.js", "customers/scroll.js": "customers/scroll.6272b271e2f3.js", "products/search.js": "products/search.cdd09e8fd9fb.js", "products/products.js": "products/products.0ba344826e68.js", "registers/profile.js": "registers/profile.159505c4cf1e.js", "registers/view.css": "registers/view.704cf107fd41.css"}, "version": "1.0"}